gen1,gen2
308712.15743582183,316534.57785594254
414698.3739126941,143558.1806173185
143558.1806173185,143558.1806173185
626590.2344429035,402018.17884838884
685071.5078757863,143558.1806173185
