gen1,gen2
415950.4351114536,415950.4351114536
415950.4351114536,224573.3832301289
224573.3832301289,296438.29688020126
272255.06199710706,326982.55840275704
311784.8537561286,224573.3832301289
