gen0,gen1,gen2
440614.5073722243,873427.522028024,392426.0779606146
295486.9254049666,249003.8433351381,447442.03339320037
400194.66399602604,451310.4357000837,278403.6061326757
440447.95359965414,393079.682880797,500000.0
452365.77901989606,400194.66399602604,393079.682880797
