gen1,gen2
"[6.047605863180117, 0.14992203732909617, 1.9663407382070872, 0.21778553660010003, 0.1235103434004915]","[5.712586597555744, 0.14992203732909617, 1.9663407382070872, 0.21778553660010003, 0.1235103434004915]"
"[1.0194091755507708, 1.1941599494255861, 2.085157724772163, 4.339622251278179, 0.2064727014030606]","[3.0412776451303847, 0.72020315868906, 0.24174942201376806, 0.16392826635016905, 6.3322748971502145]"
"[3.0412776451303847, 0.72020315868906, 0.24174942201376806, 0.16392826635016905, 6.3322748971502145]","[3.0412776451303847, 0.72020315868906, 0.24174942201376806, 0.16392826635016905, 6.3322748971502145]"
"[3.0412776451303847, 0.72020315868906, 0.27757405903781707, 0.16392826635016905, 6.3322748971502145]","[1.0873042454465094, 1.1941599494255861, 2.085157724772163, 4.339622251278179, 0.2064727014030606]"
"[3.0412776451303847, 0.6287246335991651, 0.2190159587439831, 0.16392826635016905, 6.3322748971502145]","[3.0412776451303847, 0.72020315868906, 0.24174942201376806, 0.16392826635016905, 6.3322748971502145]"
