gen1,gen2
"[0.36092253674622626, 3.9218197094520058, 2.7652099698419783, 4.449190109502567, 0.27091510119757695]","[0.36092253674622626, 3.9218197094520058, 2.7652099698419783, 4.449190109502567, 0.27091510119757695]"
"[0.36092253674622626, 3.9218197094520058, 2.7652099698419783, 4.449190109502567, 0.27091510119757695]","[9.038613246032423, 1.2002331727717594, 4.123046644934603, 2.8679037642743572, 0.5277456300110027]"
"[9.038613246032423, 1.2002331727717594, 4.123046644934603, 2.8679037642743572, 0.5277456300110027]","[3.062199783836056, 0.44044576757990556, 2.7652099698419783, 0.8597428415143662, 0.27091510119757695]"
"[3.062199783836056, 0.44044576757990556, 8.421197270421821, 0.8597428415143662, 0.7539102656393168]","[0.36092253674622626, 3.9218197094520058, 8.563737209444893, 4.449190109502567, 0.7539102656393168]"
"[1.2170495285234466, 3.132772127710845, 3.050361445745072, 0.8758967207930659, 2.2941902395476927]","[9.038613246032423, 1.2002331727717594, 4.123046644934603, 2.8679037642743572, 0.5277456300110027]"
