,i_cal_pca_multiplier,i_ks_multiplier,i_kr_multiplier,i_nal_multiplier,i_na_multiplier,i_to_multiplier,i_k1_multiplier,i_NCX_multiplier,i_nak_multiplier,i_kb_multiplier
0,0.4546989268688799,1.1151210125508495,0.974672618563552,0.5046203862231262,0.5286764016944735,0.7291542679154708,1.76892735460918,0.13231192312384957,1.7998823929575138,0.8200174535927545
1,0.14860709503338332,1.0808247619022544,0.20809432535033132,3.3133852033309865,0.4006230517919222,0.17987509364091703,0.23801781174368516,0.1722834328193339,0.7049202521316256,0.30842525390608694
2,0.06783788388992033,0.45792125859444127,3.94799135038504,2.0230552762545417,0.17892740343397995,0.17192361517779428,2.098483306682885,0.015295750144204477,2.468879149702766,0.30766829517874966
3,0.040211885716972415,0.12025242952012367,0.7914308366740744,2.522628634619362,0.1971400692349304,0.20560439905196826,1.5033373977166977,0.17118071355488645,0.7336013310791754,1.9787856381741527
4,0.13610434883986597,0.6830419310190556,1.8966469658134952,0.9197362398439806,0.7576711072648877,0.7555415187251852,1.196951355020401,0.1884549049738119,2.3692517256759658,0.385514911568887
