gen1,gen2
"[0.011757968662283876, 0.1548220358012265, 0.39307055834135274, 0.36122528071827886]","[0.026859480965074744, 0.0025174578312683314, 0.2536710792827471, 1.0039474417370537]"
"[0.01959534682292182, 0.03478246551302713, 1.0100275096611266e-05, 0.036471413779154666]","[0.026859480965074744, 0.0025174578312683314, 0.2536710792827471, 1.0039474417370537]"
"[0.026859480965074744, 0.0025174578312683314, 0.2536710792827471, 1.0039474417370537]","[0.026859480965074744, 0.0022891098781174673, 0.2536710792827471, 0.8955914356227052]"
"[0.026859480965074744, 0.0025174578312683314, 0.2536710792827471, 1.0039474417370537]","[0.026859480965074744, 0.0025174578312683314, 0.25743150497934425, 1.0039474417370537]"
"[0.026859480965074744, 0.0022891098781174673, 0.2536710792827471, 1.0039474417370537]","[0.026859480965074744, 0.0022891098781174673, 0.2536710792827471, 1.0039474417370537]"
