gen1,gen2
"[1.8155051050558353, 0.23776323790883347, 0.3033907169449437, 0.26749706758300307, 0.5271597524665647, 1.3524111112518837, 0.23601171492912076, 0.5298019233303505, 0.25212686862213823, 0.5168386658171514]","[1.8155051050558353, 0.23776323790883347, 0.3392301047429177, 0.2436941383576206, 0.5271597524665647, 0.890814822402073, 0.1250381249021965, 0.4765047435891743, 1.218687643412618, 0.5168386658171514]"
"[1.1243679059465417, 1.285174649272702, 0.14139124241750864, 0.3152949834112388, 1.182952062833549, 0.890814822402073, 0.1250381249021965, 0.14113848966151255, 1.1872866940799882, 0.4618839807342014]","[1.1243679059465417, 1.285174649272702, 0.14139124241750864, 0.3152949834112388, 1.182952062833549, 1.3524111112518837, 0.1250381249021965, 0.14113848966151255, 1.1872866940799882, 0.47330040676556534]"
"[1.8155051050558353, 0.20898456563317022, 0.3033907169449437, 0.26749706758300307, 0.5271597524665647, 1.3524111112518837, 0.1250381249021965, 0.5298019233303505, 1.218687643412618, 0.5168386658171514]","[1.8155051050558353, 0.23776323790883347, 0.3392301047429177, 0.2938445720477269, 0.5271597524665647, 1.3132563416856762, 0.1250381249021965, 0.5552516461318702, 1.218687643412618, 0.5168386658171514]"
"[1.8155051050558353, 0.23776323790883347, 0.3392301047429177, 0.2938445720477269, 0.5271597524665647, 1.3524111112518837, 0.1250381249021965, 0.531539782243144, 1.218687643412618, 0.5168386658171514]","[1.8155051050558353, 0.23776323790883347, 0.3392301047429177, 0.2938445720477269, 0.5271597524665647, 1.3524111112518837, 0.1250381249021965, 0.531539782243144, 1.218687643412618, 0.5363735403505002]"
"[0.4379933310659234, 0.5698603952582121, 0.26083641738901864, 0.1265951810070916, 0.1679770124064684, 0.3817959293426062, 0.20427743518378735, 1.4070566921010275, 0.12002079737820144, 0.5145400394108722]","[1.8155051050558353, 0.1966298337464846, 0.24175741563321762, 0.27543413679172885, 0.5271597524665647, 1.3656330744636556, 0.12395670567358093, 0.5298019233303505, 1.218687643412618, 0.49282953449569367]"
