gen1,gen2,gen3,gen4
"[0.002410747420784394, 0.45357104774529416, 0.0007358294261016496, 0.008646685561734981]","[0.00026362945511993206, 0.8141802408193819, 0.27785193463272023, 0.0010316777385217658]","[0.00026362945511993206, 0.7916762765248314, 0.27785193463272023, 0.0010316777385217658]","[0.00026362945511993206, 0.8141802408193819, 0.27785193463272023, 0.00018383099871484155]"
"[0.002410747420784394, 0.45357104774529416, 0.0007358294261016496, 0.008646685561734981]","[0.01112433569538788, 0.0019467178123875365, 0.0309314309326981, 0.000177663420104202]","[0.0002782920732614516, 0.8356263480133979, 0.27785193463272023, 0.00018907981103303601]","[0.00026362945511993206, 0.7916762765248314, 0.27785193463272023, 0.0010316777385217658]"
"[0.0023567338511916603, 0.45357104774529416, 0.0007358294261016496, 0.008646685561734981]","[0.00026362945511993206, 0.8141802408193819, 0.27785193463272023, 0.00018907981103303601]","[0.00026362945511993206, 0.8141802408193819, 0.27785193463272023, 0.00018793192688665615]","[0.0002812391420250878, 0.8141802408193819, 0.27785193463272023, 0.00018907981103303601]"
"[0.01112433569538788, 0.0019467178123875365, 0.0309314309326981, 0.0010316777385217658]","[0.00026362945511993206, 0.8141802408193819, 0.27785193463272023, 0.00018907981103303601]","[0.00026362945511993206, 0.8141802408193819, 0.27785193463272023, 0.00018907981103303601]","[0.00026362945511993206, 0.7339073089640296, 0.27785193463272023, 0.0010316777385217658]"
"[0.00026362945511993206, 0.8141802408193819, 0.27785193463272023, 0.00018907981103303601]","[0.00026362945511993206, 0.8195205897139958, 0.27785193463272023, 0.00017565127176406685]","[0.00026362945511993206, 0.7909852314447675, 0.28740616177356404, 0.0010316777385217658]","[0.0003128242716350352, 0.8356263480133979, 0.27785193463272023, 0.00018907981103303601]"
