gen1,gen2,gen3,gen4
"[1.1243132686734076, 0.002201709065060345, 1.982176176876053e-05, 0.0005122585541690905]","[0.00027771151162111053, 0.0054072389183261755, 0.006165507635056242, 3.7108355956526554e-05]","[0.00023625180074394143, 0.004766621175439598, 0.0008499440743632519, 3.7108355956526554e-05]","[1.1882848580938337, 1.8520080718121605, 1.982176176876053e-05, 0.0005122585541690905]"
"[2.9587542353991934e-05, 1.23398021326854, 0.013229164228227782, 0.21688247217674822]","[0.00023625180074394143, 0.004766621175439598, 0.0008499440743632519, 3.7108355956526554e-05]","[1.1243132686734076, 1.7488853214251532, 1.982176176876053e-05, 0.0005122585541690905]","[1.0231101238742888, 1.7488853214251532, 1.982176176876053e-05, 0.0005122585541690905]"
"[0.00023625180074394143, 0.004766621175439598, 0.0010235790490266572, 3.7108355956526554e-05]","[1.1243132686734076, 1.7488853214251532, 1.982176176876053e-05, 0.0005122585541690905]","[1.1243132686734076, 1.8520080718121605, 1.982176176876053e-05, 0.0005122585541690905]","[1.1243132686734076, 1.7488853214251532, 1.9896729905604366e-05, 0.00048009943050150976]"
"[0.003781456249665458, 1.7488853214251532, 0.005477796160539217, 0.017117150561932127]","[0.0033173326224406733, 0.002201709065060345, 0.005477796160539217, 0.017117150561932127]","[1.1243132686734076, 1.7488853214251532, 1.982176176876053e-05, 0.0005122585541690905]","[1.1852354984015008, 1.7488853214251532, 1.982176176876053e-05, 0.0005122585541690905]"
"[0.00023625180074394143, 0.0054072389183261755, 0.006165507635056242, 3.7108355956526554e-05]","[1.1243132686734076, 0.0020004939873896547, 1.982176176876053e-05, 0.0005122585541690905]","[1.1852354984015008, 1.7488853214251532, 1.9896729905604366e-05, 0.0005122585541690905]","[1.1243132686734076, 1.7488853214251532, 2.4782942061879837e-05, 0.0005122585541690905]"
